Requisito,Ley de IA UE,LFPDPPP México,NIST AI RMF,Aplica,Acción
1. Informar a las personas que interactúan con un sistema de IA,"Obligatorio — Art. 50, cuando aplique",Recomendado — información y aviso de privacidad,Recomendado — Govern/Map,Sí,Informar al usuario cuando interactúe con IA y explicar su finalidad.
2. Obtener consentimiento antes de recolectar datos personales,No aplica — depende del caso,"Obligatorio — Art. 7, salvo excepciones",Recomendado — Govern/Map,Sí,Obtener y registrar consentimiento cuando sea exigible.
3. Publicar aviso de privacidad con finalidades declaradas,No aplica — no es el eje del requisito,Obligatorio — Arts. 14–16,Recomendado — Govern,Sí,Mostrar aviso de privacidad y finalidades antes de recabar datos.
4. Recolectar solo datos necesarios,Obligatorio — gestión de datos en alto riesgo cuando aplique,Obligatorio — Art. 12,Recomendado — Map/Measure,Sí,Eliminar campos no necesarios y justificar cada dato.
5. Documentar riesgos antes de desplegar,Obligatorio si el sistema es de alto riesgo — Arts. 9 y 16–17,Recomendado — responsabilidad y seguridad,Recomendado — Govern/Map/Measure,Sí,Crear registro de riesgos y aprobarlo antes del despliegue.
6. Permitir supervisión humana,Obligatorio si es alto riesgo — Art. 14,Recomendado/Obligación de protección frente a decisiones automatizadas según Art. 26,Recomendado — Govern/Manage,Sí,Una persona validará resultados antes de usarlos para decisiones relevantes.
7. Definir retención y eliminación,Obligatorio si es alto riesgo — gestión de datos,Obligatorio — Arts. 10–12 y 24,Recomendado — Govern/Manage,Sí,Definir plazo de conservación y procedimiento de borrado seguro.
8. Evaluar y mitigar sesgos,Obligatorio si es alto riesgo — requisitos de exactitud y gestión de riesgos,Recomendado — responsabilidad,Recomendado — Measure/Manage,Sí,Probar resultados con conjuntos diversos y registrar errores.
9. Permitir oposición a decisión sin intervención humana,Obligatorio en los supuestos aplicables de alto riesgo/automatización,"Obligatorio — Art. 26, fr. II",Recomendado — Govern/Manage,Sí,Mantener revisión humana y mecanismo para ejercer oposición.
10. Cifrar datos personales durante almacenamiento,Obligatorio si necesario para seguridad de alto riesgo,"Obligatorio — Art. 18, medidas de seguridad",Recomendado — Govern/Manage,Sí,Cifrar repositorios y controlar llaves y accesos.
11. Controlar proveedores externos que reciben datos,Obligatorio cuando corresponda a proveedores de alto riesgo,Obligatorio — Arts. 35–36 para transferencias aplicables,Recomendado — Govern/Manage,Sí,"Evaluar proveedores, limitar datos enviados y documentar transferencias."
